met	lit
absorb knowledge	assimilate knowledge
absorb information	assimilate information
absorb idea	assimilate idea
absorb culture	assimilate culture
absorb material	assimilate material
absorb lesson	assimilate lesson
absorb fact	assimilate fact
absorb content	assimilate content
absorb experience	assimilate experience
absorb concept	assimilate concept
absorb thought	assimilate thought
absorb cost	pay cost
absorb fee	pay fee
absorb bill	pay bill
absorb tax	pay tax
absorb debt	pay debt
absorb interest	pay interest
absorb expense	pay expense
abuse alcohol	misuse alcohol
abuse drug	misuse drug
abuse substance	misuse substance
abuse medication	misuse medication
abuse product	misuse product
attack problem	address problem
attack issue	address issue
attack need	address need
attack question	address question
attack challenge	address challenge
attack point	address point
attack situation	address situation
attack topic	address topic
attack change	address change
attack cause	address cause
attack matter	address matter
boost economy	improve economy
boost service	improve service
boost system	improve system
boost situation	improve situation
boost process	improve process
boost education	improve education
boost work	improve work
boost business	improve business
boost result	improve result
boost number	improve number
break agreement	end agreement
break cycle	end cycle
break relationship	end relationship
break contract	end contract
break marriage	end marriage
break process	end process
break pattern	end pattern
breathe life	instill life
breathe sense	instill sense
breathe confidence	instill confidence
breathe value	instill value
breathe spirit	instill spirit
breathe love	instill love
breathe hope	instill hope
breathe idea	instill idea
breathe passion	instill passion
buy story	believe story
buy word	believe word
buy lie	believe lie
cast doubt	cause doubt
cast issue	cause issue
cast fear	cause fear
catch disease	get disease
catch idea	get idea
catch chance	get chance
catch information	get information
catch result	get result
catch message	get message
catch point	get point
catch call	get call
catch problem	get problem
catch opportunity	get opportunity
close investigation	end investigation
close season	end season
close deal	end deal
close case	end case
close debate	end debate
close operation	end operation
close story	end story
close deal	finalise deal
close case	finalise case
close plan	finalise plan
close arrangement	finalise arrangement
close agreement	finalise agreement
close project	finalise project
close deal	finalize deal
close case	finalize case
close plan	finalize plan
close arrangement	finalize arrangement
close agreement	finalize agreement
close project	finalize project
cloud memory	impair memory
cloud ability	impair ability
cloud judgement	impair judgement
cloud judgment	impair judgment
cloud mind	impair mind
cloud vision	impair vision
cloud thinking	impair thinking
cloud perception	impair perception
cloud understanding	impair understanding
color judgement	affect judgement
color decision	affect decision
color choice	affect choice
color perception	affect perception
color experience	affect experience
color interpretation	affect interpretation
colour judgement	affect judgement
colour decision	affect decision
colour choice	affect choice
colour perception	affect perception
colour experience	affect experience
colour interpretation	affect interpretation
deflate economy	reduce economy
deflate cost	reduce cost
deflate price	reduce price
deflate value	reduce value
deflate supply	reduce supply
deflate wage	reduce wage
deflate market	reduce market
deflate currency	reduce currency
devour book	read book
devour article	read article
devour story	read story
devour page	read page
devour novel	read novel
devour information	read information
devour chapter	read chapter
devour news	read news
digest information	comprehend information
digest meaning	comprehend meaning
digest material	comprehend material
digest fact	comprehend fact
digest text	comprehend text
digest concept	comprehend concept
digest idea	comprehend idea
digest word	comprehend word
digest content	comprehend content
digest situation	comprehend situation
digest message	comprehend message
disown past	reject past
disown idea	reject idea
disown policy	reject policy
disown responsibility	reject responsibility
drop price	reduce price
drop cost	reduce cost
drop rate	reduce rate
drop temperature	reduce temperature
drown trouble	forget trouble
drown pain	forget pain
drown problem	forget problem
drown feeling	forget feeling
dull appetite	decrease appetite
dull pain	decrease pain
dull sense	decrease sense
dull noise	decrease noise
dull feeling	decrease feeling
find excuse	make excuse
find way	make way
find connection	make connection
float idea	suggest idea
float theory	suggest theory
float concept	suggest concept
flood market	saturate market
follow profession	practice profession
follow religion	practice religion
follow activity	practice activity
follow profession	practise profession
follow religion	practise religion
follow activity	practise activity
frame question	pose question
frame problem	pose problem
frame challenge	pose challenge
frame issue	pose issue
frame debate	pose debate
frame concern	pose concern
frame argument	pose argument
frame idea	pose idea
frame hypothesis	pose hypothesis
fuel debate	stimulate debate
fuel growth	stimulate growth
fuel economy	stimulate economy
fuel interest	stimulate interest
fuel discussion	stimulate discussion
fuel demand	stimulate demand
fuel activity	stimulate activity
fuel imagination	stimulate imagination
fuel creativity	stimulate creativity
fuel conversation	stimulate conversation
grasp meaning	understand meaning
grasp concept	understand concept
grasp issue	understand issue
grasp point	understand point
grasp problem	understand problem
grasp situation	understand situation
grasp reason	understand reason
grasp language	understand language
grasp idea	understand idea
grasp risk	understand risk
grasp question	understand question
juggle job	manage job
juggle project	manage project
juggle work	manage work
juggle life	manage life
juggle career	manage career
juggle school	manage school
kill proposal	cancel proposal
kill project	cancel project
kill bill	cancel bill
kill program	cancel program
kill process	cancel process
kill agreement	cancel agreement
kill deal	cancel deal
leak report	disclose report
leak information	disclose information
leak document	disclose document
leak story	disclose story
mount production	organise production
mount event	organise event
mount campaign	organise campaign
mount conference	organise conference
mount exhibition	organise exhibition
mount demonstration	organise demonstration
mount protest	organise protest
mount production	organize production
mount event	organize event
mount campaign	organize campaign
mount conference	organize conference
mount exhibition	organize exhibition
mount demonstration	organize demonstration
mount protest	organize protest
poison mind	corrupt mind
poison system	corrupt system
poison process	corrupt process
poison soul	corrupt soul
poison relationship	corrupt relationship
pour money	invest money
pour fortune	invest fortune
push drug	sell drug
recapture feeling	recall feeling
recapture memory	recall memory
recapture moment	recall moment
recapture experience	recall experience
shake confidence	damage confidence
shake foundation	damage foundation
shape result	determine result
shape life	determine life
shape outcome	determine outcome
shape success	determine success
shape strategy	determine strategy
shipwreck career	ruin career
sow doubt	cause doubt
sow death	cause death
sow confusion	cause confusion
sow chaos	cause chaos
sow conflict	cause conflict
sow panic	cause panic
sow fear	cause fear
sow violence	cause violence
sow uncertainty	cause uncertainty
sow terror	cause terror
sow hatred	cause hatred
stir excitement	cause excitement
stir confusion	cause confusion
stir reaction	cause reaction
stir feeling	cause feeling
stir emotion	cause emotion
suck worker	attract worker
suck talent	attract talent
tackle question	address question
tackle issue	address issue
tackle problem	address problem
tackle concern	address concern
tackle challenge	address challenge
tackle situation	address situation
tackle point	address point
tackle crisis	address crisis
tackle matter	address matter
tackle inequality	address inequality
tackle task	address task
taste freedom	experience freedom
taste pain	experience pain
taste life	experience life
taste joy	experience joy
throw remark	make remark
throw comment	make comment
twist word	misinterpret word
twist fact	misinterpret fact
twist meaning	misinterpret meaning
twist comment	misinterpret comment
twist situation	misinterpret situation
twist information	misinterpret information
twist message	misinterpret message
wear smile	have smile
