Feature,Mean Difference,Paired t-test p,Wilcoxon p,Notes
Word Count,-0.7808991299637967,1.6521939031216804e-22,9.2801408203035e-23,Significant (higher in literal) but small effect
KF_Freq_AW,-0.06757865090412837,0.3671380279316978,0.4441447552256359,Not significant
KF_Freq_AW_Log,0.0197552009330339,0.7876150098970411,0.7487185278275106,Not significant
KF_Ncats_AW,0.10441072032310925,0.14565984217321962,0.311074270601834,Not significant
KF_Nsamp_AW,0.13799002877169914,0.057414963354896466,0.10525910494851203,Not significant
TL_Freq_AW,-0.05460342600259739,0.4637559294114022,0.6546973037583318,Not significant
TL_Freq_AW_Log,0.1674992929626291,0.018187957315134378,0.04225458011443302,Significant (higher in metaphorical) but small effect
Brown_Freq_AW,-0.06288398164218287,0.4004118512071072,0.554041338132311,Not significant
Brown_Freq_AW_Log,0.14385378736264737,0.051513232138264496,0.04896504259619264,Significant (higher in metaphorical) but small effect
KF_Freq_CW,0.013502172030167825,0.85037962273606,0.8260726045593985,Not significant
KF_Freq_CW_Log,-0.016960579155995973,0.8077069642780937,0.6827112805225263,Not significant
KF_Ncats_CW,0.0452011086247925,0.5288587775133072,0.5686015115533223,Not significant
KF_Nsamp_CW,0.09201255716824697,0.18783960308622324,0.28812133091196923,Not significant
TL_Freq_CW,0.1216258099588875,0.08269654871032912,0.08934547305015357,Not significant
TL_Freq_CW_Log,0.16989775919621036,0.014697776293682975,0.020053641680637783,Significant (higher in metaphorical) but small effect
Brown_Freq_CW,0.08761729172941442,0.21592434161178703,0.22832082512995777,Not significant
Brown_Freq_CW_Log,0.1521405731650271,0.03221626530479708,0.04413812685817846,Significant (higher in metaphorical) but small effect
KF_Freq_FW,-0.18189807835337307,0.013489339315235872,0.008679999993283987,Significant (higher in literal) but small effect
KF_Freq_FW_Log,-0.2848796656314426,0.00010371846201027615,0.0001076602250871417,Significant (higher in literal) but small effect
KF_Ncats_FW,-0.0876235696054605,0.26765460015470866,0.8287025447256844,Not significant
KF_Nsamp_FW,-0.2508502894762135,0.000845699210200099,0.0003726529247894238,Significant (higher in literal) but small effect
TL_Freq_FW,-0.20862227890515234,0.004399590986881392,0.0035220468567160354,Significant (higher in literal) but small effect
TL_Freq_FW_Log,-0.3071005006532573,2.801510018304278e-05,4.453495017262557e-05,Significant (higher in literal) but small effect
Brown_Freq_FW,-0.3068524218469551,2.4641956266189128e-05,0.000207300625191018,Significant (higher in literal) but small effect
Brown_Freq_FW_Log,-0.4171968885160841,1.6220083916308866e-08,3.7268648879429657e-07,Significant (higher in literal) but small effect
MRC_Familiarity_AW,0.12773605869303023,0.08014075672767355,0.03774758047690988,Significant (higher in metaphorical) but small effect
MRC_Concreteness_AW,0.12857903534477655,0.10318052938743301,0.22084918491448802,Not significant
MRC_Imageability_AW,0.24043486352541937,0.0023673759296051187,0.009903630317970822,Significant (higher in metaphorical) but small effect
MRC_Meaningfulness_AW,0.32069775217836516,7.701473566011042e-05,7.130648973856463e-05,Significant (higher in metaphorical) but small effect
MRC_Familiarity_CW,0.12361324775958644,0.1001583957020427,0.042117804752115635,Significant (higher in metaphorical) but small effect
MRC_Concreteness_CW,0.03802755012847149,0.6062058439452986,0.5612985849885246,Not significant
MRC_Imageability_CW,0.17647099100913236,0.017080349338958165,0.023871939402984942,Significant (higher in metaphorical) but small effect
MRC_Familiarity_FW,-0.10170346425883284,0.16812759382699077,0.19690074926082146,Not significant
MRC_Concreteness_FW,0.19681834125677322,0.010188101242183145,0.009430144836598375,Significant (higher in metaphorical) but small effect
MRC_Imageability_FW,0.2343802504309087,0.0024157599247852496,0.0009207930686320557,Significant (higher in metaphorical) but small effect
MRC_Meaningfulness_FW,0.2387618100340321,0.0021097026944017962,0.0012676232955720515,Significant (higher in metaphorical) but small effect
Kuperman_AoA_AW,-0.23557506576872242,0.0011749803157759383,0.0011641803359980446,Significant (higher in literal) but small effect
Kuperman_AoA_CW,-0.22762162410298759,0.001743035373828489,0.001144995450006496,Significant (higher in literal) but small effect
Kuperman_AoA_FW,0.011601621197717031,0.8848603194451885,0.9014112703738129,Not significant
Brysbaert_Concreteness_Combined_AW,0.0958749959817689,0.2330255912425525,0.28537270559501315,Not significant
Brysbaert_Concreteness_Combined_CW,0.04846327646139002,0.5313460759887293,0.4157484651897332,Not significant
Brysbaert_Concreteness_Combined_FW,0.21742594342143987,0.004869715177857615,0.0010284779594349925,Significant (higher in metaphorical) but small effect
SUBTLEXus_Freq_AW,-0.03100848343866726,0.6754340731595379,0.6071960757051378,Not significant
SUBTLEXus_Range_AW,0.2009873829968959,0.004933200965008338,0.00967377615994323,Significant (higher in metaphorical) but small effect
SUBTLEXus_Freq_AW_Log,0.13632555987743444,0.056552809434190145,0.11706369535177308,Not significant
SUBTLEXus_Range_AW_Log,0.151301868815153,0.03274573214727524,0.0692169607892296,Not significant
SUBTLEXus_Freq_CW,0.21302893542518042,0.0020767265032288836,0.003111012100137696,Significant (higher in metaphorical) but small effect
SUBTLEXus_Range_CW,0.19163561675881158,0.0065409833715819755,0.00980727290478171,Significant (higher in metaphorical) but small effect
SUBTLEXus_Freq_CW_Log,0.15048537965974612,0.03184392486150943,0.0425292583662494,Significant (higher in metaphorical) but small effect
SUBTLEXus_Range_CW_Log,0.12387894860788205,0.07801541522884674,0.0915295416351002,Not significant
SUBTLEXus_Freq_FW,-0.2661465714435892,0.0002683729489681944,0.000702485423183762,Significant (higher in literal) but small effect
SUBTLEXus_Range_FW,-0.11528476071589225,0.15252580203408395,0.20522546074336867,Not significant
SUBTLEXus_Freq_FW_Log,-0.3365619815834583,5.207204379015031e-06,1.497840454504797e-05,Significant (higher in literal) but small effect
SUBTLEXus_Range_FW_Log,-0.0790708474174451,0.3284601460919595,0.7744376706586541,Not significant
BNC_Written_Freq_AW,-0.0970754742949326,0.1969588833717511,0.24544270579420724,Not significant
BNC_Written_Freq_AW_Log,-0.1261163418210573,0.10170034748856183,0.048348022438586116,Significant (higher in literal) but small effect
BNC_Written_Range_AW,-0.010188982101891167,0.8896567161020394,0.642075755885775,Not significant
BNC_Spoken_Freq_AW,-0.07857752639194338,0.29582822402899556,0.4612079662667886,Not significant
BNC_Spoken_Freq_AW_Log,0.02824313726217883,0.6987152746536679,0.8704917437670164,Not significant
BNC_Spoken_Range_AW,0.16649511608319195,0.02088887212624577,0.038754532307534596,Significant (higher in metaphorical) but small effect
BNC_Written_Freq_CW,-0.035698215304557884,0.6244885038728185,0.6703677332076112,Not significant
BNC_Written_Freq_CW_Log,-0.17896205208526972,0.016637877449813186,0.012579214646642115,Significant (higher in literal) but small effect
BNC_Written_Range_CW,-0.07783483019818732,0.2865595651539951,0.28781504947350245,Not significant
BNC_Spoken_Freq_CW,0.03762790695016434,0.5940591582209578,0.6459485280027435,Not significant
BNC_Spoken_Freq_CW_Log,-0.0008697731294430742,0.9901312924823686,0.8896629500360961,Not significant
BNC_Spoken_Range_CW,0.1379194417574686,0.05049685329477363,0.07312932703748572,Not significant
BNC_Written_Freq_FW,-0.18988813416539607,0.009838418193535854,0.007032712282772702,Significant (higher in literal) but small effect
BNC_Written_Freq_FW_Log,-0.2988022188854633,4.7212771727415304e-05,6.891964411119832e-05,Significant (higher in literal) but small effect
BNC_Written_Range_FW,-0.2530790228734047,0.0005941613292905995,0.0008880024465465802,Significant (higher in literal) but small effect
BNC_Spoken_Freq_FW,-0.2619996149233851,0.000374490155458234,0.001110139579113561,Significant (higher in literal) but small effect
BNC_Spoken_Freq_FW_Log,-0.3917138739177836,1.2060169708189908e-07,1.2546963299585708e-06,Significant (higher in literal) but small effect
BNC_Spoken_Range_FW,-0.3102626971796363,6.309970207849384e-05,0.00011441507640412815,Significant (higher in literal) but small effect
BNC_Spoken_Bigram_Normed_Freq,-0.08595068847752038,0.2644815918166621,0.19831000461184,Not significant
BNC_Spoken_Bigram_Normed_Freq_Log,0.19885516744804327,0.010785818471088223,0.01143165155233464,Significant (higher in metaphorical) but small effect
BNC_Written_Bigram_Freq_Normed,-0.12611829906523359,0.09129137683240254,0.05206843955763208,Not significant
BNC_Written_Bigram_Freq_Normed_Log,0.027995184397440878,0.7175173428853833,0.5884500155913313,Not significant
BNC_Spoken_Trigram_Normed_Freq,0.029013093525673175,0.7152907328602945,0.9147877541935132,Not significant
BNC_Spoken_Trigram_Normed_Freq_Log,-0.014718177998938632,0.8539767159560504,0.9281884156968718,Not significant
BNC_Written_Trigram_Freq_Normed,-0.16955495983272195,0.02099525686086416,0.026739255094838064,Significant (higher in literal) but small effect
BNC_Written_Trigram_Freq_Normed_Log,-0.18179778651621503,0.01607584040335924,0.09847761177706527,Not significant
BNC_Spoken_Bigram_Proportion,-0.05549595714741981,0.46855090596025306,0.1520864520957326,Not significant
BNC_Written_Bigram_Proportion,-0.13825642526427134,0.0804740494274198,0.02108604574031365,Significant (higher in literal) but small effect
BNC_Spoken_Trigram_Proportion,-0.008395565782580983,0.9139399898797329,0.521086351859769,Not significant
BNC_Written_Trigram_Proportion,-0.18162849467431047,0.02238936582722147,0.004410755308149084,Significant (higher in literal) but small effect
COCA_Academic_Range_AW,-0.12430825493525112,0.10441227917264091,0.12767430215138048,Not significant
COCA_Academic_Frequency_AW,-0.10527153069437821,0.16187966416254626,0.16960697137662262,Not significant
COCA_Academic_Range_Log_AW,-0.2861969210785953,0.0001696680216828734,0.00018676424581586722,Significant (higher in literal) but small effect
COCA_Academic_Frequency_Log_AW,-0.32337999169204634,4.5547711592840834e-05,4.914730410252177e-05,Significant (higher in literal) but small effect
COCA_Academic_Range_CW,-0.17179967329532603,0.01871600402023166,0.018252910170744967,Significant (higher in literal) but small effect
COCA_Academic_Frequency_CW,-0.05135287480114234,0.48066628008264844,0.5127907522837232,Not significant
COCA_Academic_Range_Log_CW,-0.3577293361745596,2.0687185809154023e-06,6.019434872104243e-07,Significant (higher in literal) but small effect
COCA_Academic_Frequency_Log_CW,-0.3778406335163005,4.542202563649649e-07,1.5392516690472247e-07,Significant (higher in literal) but small effect
COCA_Academic_Range_FW,-0.278451922700925,0.00016543413365557405,0.00011924772663770262,Significant (higher in literal) but small effect
COCA_Academic_Frequency_FW,-0.19827900660693695,0.007030866794992567,0.005285007536379516,Significant (higher in literal) but small effect
COCA_Academic_Range_Log_FW,-0.2756941279213394,0.00019873448725949512,0.00015972991872277906,Significant (higher in literal) but small effect
COCA_Academic_Frequency_Log_FW,-0.29655129152184634,5.77148694422285e-05,8.142908865503149e-05,Significant (higher in literal) but small effect
COCA_fiction_Range_AW,0.19322597719866724,0.008223316263516316,0.012627167183484788,Significant (higher in metaphorical) but small effect
COCA_fiction_Frequency_AW,-0.027690242460448898,0.7113474361250509,0.7853158146749548,Not significant
COCA_fiction_Range_Log_AW,0.15565105509975202,0.03249655515935884,0.0437840696413348,Significant (higher in metaphorical) but small effect
COCA_fiction_Frequency_Log_AW,0.15609795720014064,0.03298779621525522,0.049510344263126164,Significant (higher in metaphorical) but small effect
COCA_fiction_Range_CW,0.19825165861921334,0.005784715426879148,0.009083910794778521,Significant (higher in metaphorical) but small effect
COCA_fiction_Frequency_CW,0.20343748202859419,0.004517405926886038,0.005026497583671578,Significant (higher in metaphorical) but small effect
COCA_fiction_Range_Log_CW,0.13923797836214583,0.05471995946527734,0.04927602293361937,Significant (higher in metaphorical) but small effect
COCA_fiction_Frequency_Log_CW,0.16535467352693795,0.02160497917212003,0.027679332766271037,Significant (higher in metaphorical) but small effect
COCA_fiction_Range_FW,-0.2602953888094703,0.0006007012699194196,0.001418763543760744,Significant (higher in literal) but small effect
COCA_fiction_Frequency_FW,-0.17781341550996171,0.015418352205524774,0.014063598789774109,Significant (higher in literal) but small effect
COCA_fiction_Range_Log_FW,-0.1951459842589543,0.012829095645966265,0.04463786467434134,Significant (higher in literal) but small effect
COCA_fiction_Frequency_Log_FW,-0.2555271995707137,0.0004311320624772588,0.0007146879943338316,Significant (higher in literal) but small effect
COCA_magazine_Range_AW,0.10026091944720915,0.17643046970640106,0.21529915616250717,Not significant
COCA_magazine_Frequency_AW,-0.080832244366595,0.2833336638516626,0.34407887310502916,Not significant
COCA_magazine_Range_Log_AW,0.02498602132647704,0.7322040334692576,0.7656637645777034,Not significant
COCA_magazine_Frequency_Log_AW,0.008817433507961523,0.9060439099099558,0.9851881743923143,Not significant
COCA_magazine_Range_CW,0.1088548861016091,0.1275156708395439,0.1852171258461388,Not significant
COCA_magazine_Frequency_CW,0.13533051574924082,0.05642843348175236,0.06518247843051905,Not significant
COCA_magazine_Range_Log_CW,-0.02742570463889757,0.7051633722404145,0.8397689418054892,Not significant
COCA_magazine_Frequency_Log_CW,-0.006270045225755427,0.9307770379278874,0.9566605899351839,Not significant
COCA_magazine_Range_FW,-0.31133560885824985,3.2510939708260904e-05,0.00011347097956558693,Significant (higher in literal) but small effect
COCA_magazine_Frequency_FW,-0.19940015697522046,0.006772449488263308,0.005219278106010005,Significant (higher in literal) but small effect
COCA_magazine_Range_Log_FW,-0.29360131684849344,0.00011301483478424212,0.00035578223829765235,Significant (higher in literal) but small effect
COCA_magazine_Frequency_Log_FW,-0.30624889640461417,3.3812109216653205e-05,7.961522547833795e-05,Significant (higher in literal) but small effect
COCA_news_Range_AW,0.111176272375153,0.1334761255335236,0.2150492916713076,Not significant
COCA_news_Frequency_AW,-0.07906788666431555,0.29439218417343044,0.36871632342353255,Not significant
COCA_news_Range_Log_AW,0.0362667978806739,0.617298682436151,0.9948829286699147,Not significant
COCA_news_Frequency_Log_AW,0.013024756171131968,0.8613706220781292,0.6367665658149224,Not significant
COCA_news_Range_CW,0.11125412760142525,0.11684387899652007,0.18859895592743992,Not significant
COCA_news_Frequency_CW,0.15405386425477946,0.03015953168888584,0.025961995188597577,Significant (higher in metaphorical) but small effect
COCA_news_Range_Log_CW,-0.021525806131660635,0.7640982746371413,0.5401124759897309,Not significant
COCA_news_Frequency_Log_CW,-0.0009365429743765231,0.9894811436390506,0.7775412989964583,Not significant
COCA_news_Range_FW,-0.3069590631632263,4.3306124315618565e-05,7.740158582607393e-05,Significant (higher in literal) but small effect
COCA_news_Frequency_FW,-0.1904945988276257,0.009731033581487027,0.006891502219820622,Significant (higher in literal) but small effect
COCA_news_Range_Log_FW,-0.28278400495339717,0.000209070610513668,0.00037844069515417626,Significant (higher in literal) but small effect
COCA_news_Frequency_Log_FW,-0.2890880641220237,9.25502408648534e-05,0.0001382866831192622,Significant (higher in literal) but small effect
COCA_spoken_Range_AW,0.13060623646372305,0.07839253086303317,0.1107353056529651,Not significant
COCA_spoken_Frequency_AW,-0.08998032732909507,0.2389719554712889,0.337237205279147,Not significant
COCA_spoken_Range_Log_AW,0.061675156270241525,0.4028571813947246,0.621428137867218,Not significant
COCA_spoken_Frequency_Log_AW,0.057257428957613085,0.4443983763772483,0.6827112805225263,Not significant
COCA_spoken_Range_CW,0.14474503321159124,0.04322417526893199,0.07378049534271139,Not significant
COCA_spoken_Frequency_CW,0.14655134341497678,0.038786842671672754,0.05716302850415498,Not significant
COCA_spoken_Range_Log_CW,0.0167021985892326,0.8174375835442854,0.9046192199919549,Not significant
COCA_spoken_Frequency_Log_CW,0.05962311745250311,0.40643390373225086,0.4595672793715032,Not significant
COCA_spoken_Range_FW,-0.37121190796571224,1.1782004710166293e-06,2.7842272691094414e-06,Significant (higher in literal) but small effect
COCA_spoken_Frequency_FW,-0.25102310700710095,0.0006633826489466547,0.0010917799787039963,Significant (higher in literal) but small effect
COCA_spoken_Range_Log_FW,-0.2964966745367026,0.0001316153911677835,0.0001409546224246359,Significant (higher in literal) but small effect
COCA_spoken_Frequency_Log_FW,-0.3647335856592468,8.516539214751399e-07,4.108988573027644e-06,Significant (higher in literal) but small effect
COCA_Academic_Bigram_Frequency,-0.1335258526234367,0.07349603248728745,0.03945997448421881,Significant (higher in literal) but small effect
COCA_Academic_Bigram_Range,-0.10543499929007855,0.18059344117265375,0.1934097196145227,Not significant
COCA_Academic_Bigram_Frequency_Log,-0.19696301411995368,0.015242558509757972,0.04017628766590571,Significant (higher in literal) but small effect
COCA_Academic_Bigram_Range_Log,-0.12075978284088615,0.1373758391038635,0.2896560342210298,Not significant
COCA_academic_bi_MI,-0.26620357339151735,0.0004840724943049437,0.0012616608476621106,Significant (higher in literal) but small effect
COCA_academic_bi_MI2,-0.34109887250609083,1.8888883087362905e-05,3.6513045374587945e-05,Significant (higher in literal) but small effect
COCA_academic_bi_T,-0.26844416335360277,0.0008843451223784973,0.001438782027577041,Significant (higher in literal) but small effect
COCA_academic_bi_DP,-0.3608334079758324,9.339730665396029e-06,2.9964583033582225e-05,Significant (higher in literal) but small effect
COCA_academic_bi_AC,-0.1492206153769381,0.046883448859043136,0.019031147730385205,Significant (higher in literal) but small effect
COCA_academic_bi_prop_10k,-0.24333087909405798,0.0017359058779530879,0.0008646476179793343,Significant (higher in literal) but small effect
COCA_academic_bi_prop_20k,-0.2940098667337907,0.00016205304940235504,6.291885494105401e-05,Significant (higher in literal) but small effect
COCA_academic_bi_prop_30k,-0.28043625452674753,0.00032958507106385117,0.00014884693485146862,Significant (higher in literal) but small effect
COCA_academic_bi_prop_40k,-0.26689769174599143,0.0005983142519162346,0.00024892018133510597,Significant (higher in literal) but small effect
COCA_academic_bi_prop_50k,-0.2607454816991195,0.000800457082363894,0.0002883321608431539,Significant (higher in literal) but small effect
COCA_academic_bi_prop_60k,-0.2656334287302894,0.0005817934219859291,0.00016951909847827344,Significant (higher in literal) but small effect
COCA_academic_bi_prop_70k,-0.2622124299367403,0.0006985885169903718,0.0002078540898160762,Significant (higher in literal) but small effect
COCA_academic_bi_prop_80k,-0.25601272106886164,0.0008998206146199,0.00033009643567524007,Significant (higher in literal) but small effect
COCA_academic_bi_prop_90k,-0.261303399564117,0.0006815406846567643,0.0002078540898160762,Significant (higher in literal) but small effect
COCA_academic_bi_prop_100k,-0.25781806203544116,0.0007813055586603296,0.00030775162768564477,Significant (higher in literal) but small effect
COCA_Fiction_Bigram_Frequency,-0.15806192189050622,0.03828238722142184,0.01702808791669332,Significant (higher in literal) but small effect
COCA_Fiction_Bigram_Range,0.1256827616814017,0.09988055027402568,0.10983229619920012,Not significant
COCA_Fiction_Bigram_Frequency_Log,0.19483223797268664,0.009508939650959305,0.013518419589623224,Significant (higher in metaphorical) but small effect
COCA_Fiction_Bigram_Range_Log,0.22263288071013226,0.0030101388417041776,0.00432729264484181,Significant (higher in metaphorical) but small effect
COCA_fiction_bi_MI,-0.14135991261779107,0.08351610108200622,0.10613224336990101,Not significant
COCA_fiction_bi_MI2,0.13183507604828754,0.08115573236824489,0.08845843829963174,Not significant
COCA_fiction_bi_T,0.03865014908394991,0.6235354341597541,0.7863540554276387,Not significant
COCA_fiction_bi_DP,-0.24097883200368475,0.0037805613181759027,0.005318151835824038,Significant (higher in literal) but small effect
COCA_fiction_bi_AC,-0.14083415327568197,0.066920906119804,0.027536529133378843,Significant (higher in literal) but small effect
COCA_fiction_bi_prop_10k,0.24380946318090171,0.0010868484906422862,0.0021408352900994404,Significant (higher in metaphorical) but small effect
COCA_fiction_bi_prop_20k,0.2428834245800281,0.001131197281623094,0.0024172616033668335,Significant (higher in metaphorical) but small effect
COCA_fiction_bi_prop_30k,0.22759086138553708,0.0023141574423817097,0.005407456381307463,Significant (higher in metaphorical) but small effect
COCA_fiction_bi_prop_40k,0.21913706714627457,0.0033073113073532816,0.008923902005394821,Significant (higher in metaphorical) but small effect
COCA_fiction_bi_prop_50k,0.22091589241946946,0.003086217807328528,0.008801196156868555,Significant (higher in metaphorical) but small effect
COCA_fiction_bi_prop_60k,0.21759261273397368,0.0035155974355568077,0.00978810197890831,Significant (higher in metaphorical) but small effect
COCA_fiction_bi_prop_70k,0.21093537791653633,0.004584122889338314,0.011084584518320036,Significant (higher in metaphorical) but small effect
COCA_fiction_bi_prop_80k,0.21383102793906578,0.004137046833638584,0.009864986597224816,Significant (higher in metaphorical) but small effect
COCA_fiction_bi_prop_90k,0.21638264064766852,0.003747939988557671,0.009228285953108765,Significant (higher in metaphorical) but small effect
COCA_fiction_bi_prop_100k,0.2194214872015997,0.0034079154336126237,0.008888688209731571,Significant (higher in metaphorical) but small effect
COCA_Magazine_Bigram_Frequency,-0.1469104195959268,0.05237819405859382,0.024897981081021127,Significant (higher in literal) but small effect
COCA_Magazine_Bigram_Range,0.00946603125136606,0.9024251446209439,0.9464453194242529,Not significant
COCA_Magazine_Bigram_Frequency_Log,0.1127373960826142,0.1341591613731936,0.2239193570728737,Not significant
COCA_Magazine_Bigram_Range_Log,0.13768208021394285,0.06607146466100251,0.12089782963208628,Not significant
COCA_magazine_bi_MI,-0.12807181496556388,0.10030713720210685,0.22034043799903347,Not significant
COCA_magazine_bi_MI2,0.02504068006908653,0.741816938862199,0.6454639035354344,Not significant
COCA_magazine_bi_T,-0.06320986370081055,0.4241144309916315,0.41227590012258164,Not significant
COCA_magazine_bi_DP,-0.2956500410061344,0.00037641464138143314,0.0008459641505791039,Significant (higher in literal) but small effect
COCA_magazine_bi_AC,-0.14604909855276277,0.054876010106188235,0.022322363552746,Significant (higher in literal) but small effect
COCA_magazine_bi_prop_10k,0.14425014624861893,0.05446926232900113,0.14046651885967637,Not significant
COCA_magazine_bi_prop_20k,0.12060374081187278,0.11217033290518164,0.25405215149855187,Not significant
COCA_magazine_bi_prop_30k,0.0917744191535749,0.2229697552664833,0.4744506346430142,Not significant
COCA_magazine_bi_prop_40k,0.07418002763922582,0.3273403989913918,0.6454639035354344,Not significant
COCA_magazine_bi_prop_50k,0.06295521980341533,0.40383418137226934,0.6841983063041183,Not significant
COCA_magazine_bi_prop_60k,0.07023658246146762,0.352419427222175,0.521086351859769,Not significant
COCA_magazine_bi_prop_70k,0.07042756777979126,0.35397139760975904,0.5197719418243634,Not significant
COCA_magazine_bi_prop_80k,0.07196638167227909,0.34287154445085155,0.4603872139955426,Not significant
COCA_magazine_bi_prop_90k,0.06895188967252405,0.36453777922876685,0.48494010077359306,Not significant
COCA_magazine_bi_prop_100k,0.07135566774435058,0.3464178723531204,0.5132256406531782,Not significant
COCA_News_Bigram_Frequency,-0.16184222304088866,0.03293676281461951,0.017059372323482064,Significant (higher in literal) but small effect
COCA_News_Bigram_Range,-0.017498547573134432,0.8214540439422009,0.6782576066841639,Not significant
COCA_News_Bigram_Frequency_Log,0.10892803337132295,0.15059411472855755,0.29803843737853064,Not significant
COCA_News_Bigram_Range_Log,0.1343408842808189,0.0747345056359417,0.1333401659418563,Not significant
COCA_news_bi_MI,-0.06389543297421252,0.4157894161431235,0.6276400505989764,Not significant
COCA_news_bi_MI2,0.05580768279955078,0.46153084473046546,0.4361477873394124,Not significant
COCA_news_bi_T,-0.07413576099484503,0.3508256178239355,0.2814338604479232,Not significant
COCA_news_bi_DP,-0.27778783004735397,0.0008482100131709863,0.0018721679501719096,Significant (higher in literal) but small effect
COCA_news_bi_AC,-0.1613396123718158,0.03388346467002466,0.015297602170057857,Significant (higher in literal) but small effect
COCA_news_bi_prop_10k,0.16796378614571983,0.02469091188311513,0.1173795149693193,Not significant
COCA_news_bi_prop_20k,0.1308476573171953,0.07986559262574554,0.3244807458149337,Not significant
COCA_news_bi_prop_30k,0.1312026799695857,0.08097161711678198,0.32084749682481617,Not significant
COCA_news_bi_prop_40k,0.11719723233970172,0.12296905839806449,0.4365456540652237,Not significant
COCA_news_bi_prop_50k,0.10654435943007662,0.16260954459053048,0.4972635809545676,Not significant
COCA_news_bi_prop_60k,0.11182556609860055,0.14199131137613275,0.4149752950025857,Not significant
COCA_news_bi_prop_70k,0.10480077105018193,0.16960497685350082,0.4501970159912042,Not significant
COCA_news_bi_prop_80k,0.10440913887902425,0.17312542474249143,0.4534439000998053,Not significant
COCA_news_bi_prop_90k,0.09583701808362782,0.21187861449641238,0.4603872139955426,Not significant
COCA_news_bi_prop_100k,0.09944981667246372,0.19554178040364745,0.3637029853489576,Not significant
COCA_spoken_Bigram_Frequency,-0.11093868041285784,0.14530894728286947,0.10554951547625818,Not significant
COCA_spoken_Bigram_Range,0.06643675618737377,0.3830886864362153,0.3925512995778806,Not significant
COCA_spoken_Bigram_Frequency_Log,0.15243519764629623,0.04280290431678674,0.07847251869890297,Not significant
COCA_spoken_Bigram_Range_Log,0.16940201649634692,0.02392731949781278,0.04294410628290179,Significant (higher in metaphorical) but small effect
COCA_spoken_bi_MI,-0.06400066868768345,0.412613639265201,0.6377304973888817,Not significant
COCA_spoken_bi_MI2,0.1295644918300396,0.09056481873220067,0.11286512696648339,Not significant
COCA_spoken_bi_T,-0.0028315545234905686,0.9705733259662301,0.9485952276886008,Not significant
COCA_spoken_bi_DP,-0.28931596648379587,0.00048716078731115024,0.0005507706835999312,Significant (higher in literal) but small effect
COCA_spoken_bi_AC,-0.08800112859429951,0.24625854653356227,0.1987813916729566,Not significant
COCA_spoken_bi_prop_10k,0.18556983599660148,0.01322929691719317,0.03248890081653315,Significant (higher in metaphorical) but small effect
COCA_spoken_bi_prop_20k,0.1650800335923065,0.02908179790135702,0.07812951050967036,Not significant
COCA_spoken_bi_prop_30k,0.15992886610676907,0.03604490545534684,0.09088275931972674,Not significant
COCA_spoken_bi_prop_40k,0.15491367852833654,0.04346476215709787,0.11960901461949654,Not significant
COCA_spoken_bi_prop_50k,0.15721933024359933,0.0417308389367184,0.1002788589915858,Not significant
COCA_spoken_bi_prop_60k,0.14282632018696872,0.06356955396657159,0.12767430215138048,Not significant
COCA_spoken_bi_prop_70k,0.13164485809013587,0.0871247330880243,0.17924322450395092,Not significant
COCA_spoken_bi_prop_80k,0.13321380649533526,0.08570462399756534,0.17002683080776615,Not significant
COCA_spoken_bi_prop_90k,0.13045634977041315,0.09306652209288442,0.16772722034264642,Not significant
COCA_spoken_bi_prop_100k,0.1259930411587579,0.10414030718296842,0.1845461762282251,Not significant
COCA_Academic_Trigram_Frequency,-0.2503745963801792,0.0011930681903130616,0.003922648038372092,Significant (higher in literal) but small effect
COCA_Academic_Trigram_Range,-0.2499419190197526,0.0012554969346904427,0.013801615286031398,Significant (higher in literal) but small effect
COCA_Academic_Trigram_Frequency_Log,-0.25140535381268847,0.001364298510746237,0.007731813597989937,Significant (higher in literal) but small effect
COCA_Academic_Trigram_Range_Log,-0.20300422138298446,0.01066764006547711,0.07598537172166245,Not significant
COCA_academic_tri_MI,-0.10936606602759158,0.1580785362540962,0.5481788443319011,Not significant
COCA_academic_tri_MI2,-0.23054485205534844,0.0033700248841580247,0.057428277949331384,Not significant
COCA_academic_tri_T,-0.249417000663922,0.0013747546946984784,0.01401085368440594,Significant (higher in literal) but small effect
COCA_academic_tri_DP,-0.12108968553944523,0.11870204098772319,0.04273625671702003,Significant (higher in literal) but small effect
COCA_academic_tri_AC,-0.24539535333558699,0.0014495131713255416,0.003292749144658508,Significant (higher in literal) but small effect
COCA_academic_tri_2_MI,-0.13051040466864766,0.08382313904278195,0.18656443527811784,Not significant
COCA_academic_tri_2_MI2,-0.24895321212930127,0.0013371746548337241,0.024082620932845557,Significant (higher in literal) but small effect
COCA_academic_tri_2_T,-0.2988747617465089,0.00014880669854160322,0.0008077444890787644,Significant (higher in literal) but small effect
COCA_academic_tri_2_DP,-0.25354163858756185,0.0012684170886360414,0.005090030365411385,Significant (higher in literal) but small effect
COCA_academic_tri_2_AC,-0.2687592207716056,0.000516352812383257,0.0012034443286687733,Significant (higher in literal) but small effect
COCA_academic_tri_prop_10k,-0.2909608194928235,0.00028268960115801744,0.0001448501690213144,Significant (higher in literal) but small effect
COCA_academic_tri_prop_20k,-0.3193399367389901,7.121709497330366e-05,2.131077876559761e-05,Significant (higher in literal) but small effect
COCA_academic_tri_prop_30k,-0.30885740376669163,0.00011360020390412271,3.4428107565092605e-05,Significant (higher in literal) but small effect
COCA_academic_tri_prop_40k,-0.2894047289608529,0.0003073475484663451,0.00014884693485146862,Significant (higher in literal) but small effect
COCA_academic_tri_prop_50k,-0.28330674229040564,0.00038210910871997036,0.00014524525084403005,Significant (higher in literal) but small effect
COCA_academic_tri_prop_60k,-0.29519549884497986,0.00020735576351396762,9.289958005362279e-05,Significant (higher in literal) but small effect
COCA_academic_tri_prop_70k,-0.2951087420726526,0.00020626588701733916,7.191530423355026e-05,Significant (higher in literal) but small effect
COCA_academic_tri_prop_80k,-0.2862686255227954,0.00032697125955696816,0.0001541980775345134,Significant (higher in literal) but small effect
COCA_academic_tri_prop_90k,-0.2823329609340467,0.00036802454195241307,0.0001779453319908341,Significant (higher in literal) but small effect
COCA_academic_tri_prop_100k,-0.27493238998323444,0.0005287792246560599,0.00017368416346954848,Significant (higher in literal) but small effect
COCA_Fiction_Trigram_Frequency,0.007629508917137573,0.9244674842387368,0.811905343273739,Not significant
COCA_Fiction_Trigram_Range,0.0694185275722709,0.3794895941936631,0.4207947692553743,Not significant
COCA_Fiction_Trigram_Frequency_Log,0.17277259203740591,0.028186427353995597,0.03221613159437533,Significant (higher in metaphorical) but small effect
COCA_Fiction_Trigram_Range_Log,0.19763933881325713,0.012070436575215131,0.01243632298744957,Significant (higher in metaphorical) but small effect
COCA_fiction_tri_MI,0.006500391000047468,0.9342798000857502,0.7931118049544625,Not significant
COCA_fiction_tri_MI2,0.12188400863381334,0.1244821225190581,0.11378773374928992,Not significant
COCA_fiction_tri_T,0.05855685841999978,0.46524884597209426,0.45100749981291033,Not significant
COCA_fiction_tri_DP,-0.11751765909051659,0.13835574944569817,0.011879028582469833,Significant (higher in literal) but small effect
COCA_fiction_tri_AC,0.005309988521667898,0.9474857128972931,0.7661790576193859,Not significant
COCA_fiction_tri_2_MI,-0.0629688301884908,0.43620141623503206,0.9738804920569001,Not significant
COCA_fiction_tri_2_MI2,0.07357239043407,0.3630665201436202,0.1261620302427149,Not significant
COCA_fiction_tri_2_T,0.00023719248819122258,0.9976180626979627,0.8124289905368637,Not significant
COCA_fiction_tri_2_DP,-0.22640417299120968,0.004456926010492649,0.003822899893103074,Significant (higher in literal) but small effect
COCA_fiction_tri_2_AC,-0.01642462737789388,0.8385053421245738,0.5594799688542493,Not significant
COCA_fiction_tri_prop_10k,0.2403552906379163,0.001468895352387218,0.000734261985370153,Significant (higher in metaphorical) but small effect
COCA_fiction_tri_prop_20k,0.24699544219148234,0.0010655863148816944,0.0006427305312332338,Significant (higher in metaphorical) but small effect
COCA_fiction_tri_prop_30k,0.25461058542768866,0.0007353593121914571,0.00040554066717687096,Significant (higher in metaphorical) but small effect
COCA_fiction_tri_prop_40k,0.25091845234457344,0.0008269851946509359,0.0006025526384064696,Significant (higher in metaphorical) but small effect
COCA_fiction_tri_prop_50k,0.24370607643944853,0.0010746300437392696,0.00099931527908464,Significant (higher in metaphorical) but small effect
COCA_fiction_tri_prop_60k,0.2486586860750803,0.0008485861348150184,0.0006055582432036621,Significant (higher in metaphorical) but small effect
COCA_fiction_tri_prop_70k,0.24516220752166545,0.0010114223568584038,0.0009207930686320557,Significant (higher in metaphorical) but small effect
COCA_fiction_tri_prop_80k,0.24382943911045749,0.0010443090306838853,0.0012498135574351837,Significant (higher in metaphorical) but small effect
COCA_fiction_tri_prop_90k,0.24197924038680105,0.001134656297877208,0.0009185725924169444,Significant (higher in metaphorical) but small effect
COCA_fiction_tri_prop_100k,0.2456827960429997,0.0009820321443403553,0.0008398200081338261,Significant (higher in metaphorical) but small effect
COCA_Magazine_Trigram_Frequency,-0.06258525632694076,0.4176421419217978,0.4575210244627558,Not significant
COCA_Magazine_Trigram_Range,-0.036148984481190374,0.6396997545935433,0.8108583013240414,Not significant
COCA_Magazine_Trigram_Frequency_Log,0.03487853416486976,0.655151350402015,0.25097344220641926,Not significant
COCA_Magazine_Trigram_Range_Log,0.05570190614531667,0.4765369553451183,0.14750448396329413,Not significant
COCA_magazine_tri_MI,-0.09096462020264764,0.23505434737564126,0.6693840282524821,Not significant
COCA_magazine_tri_MI2,-0.04866853291766016,0.5308939364678176,0.7677255566374293,Not significant
COCA_magazine_tri_T,-0.04052230480504557,0.6150484795943578,0.8806011329967096,Not significant
COCA_magazine_tri_DP,-0.20762902480222611,0.007869473512401587,0.003043583353842601,Significant (higher in literal) but small effect
COCA_magazine_tri_AC,-0.06762605014378689,0.38349495667818334,0.4554798945850752,Not significant
COCA_magazine_tri_2_MI,-0.10412604957505495,0.17468352421291736,0.4389372415888201,Not significant
COCA_magazine_tri_2_MI2,-0.06255232366767002,0.42340543877958337,0.9765724063843908,Not significant
COCA_magazine_tri_2_T,-0.10703429973715844,0.18633735409334515,0.7324017799337943,Not significant
COCA_magazine_tri_2_DP,-0.2859865024812579,0.0003863523250469907,0.0007940721117927064,Significant (higher in literal) but small effect
COCA_magazine_tri_2_AC,-0.09664274534044129,0.2161815358073181,0.2580083886462887,Not significant
COCA_magazine_tri_prop_10k,0.10555298298161522,0.1597408200433184,0.1285205245376803,Not significant
COCA_magazine_tri_prop_20k,0.11437965578519019,0.13420792865671863,0.17213781974697517,Not significant
COCA_magazine_tri_prop_30k,0.10453931017171048,0.17112747319683966,0.20692066383409513,Not significant
COCA_magazine_tri_prop_40k,0.11474342201063507,0.13369597389840088,0.15500472358878345,Not significant
COCA_magazine_tri_prop_50k,0.11473258764935627,0.13386517094738373,0.23704000264526226,Not significant
COCA_magazine_tri_prop_60k,0.12616792939825439,0.10040216275379892,0.1825441227089617,Not significant
COCA_magazine_tri_prop_70k,0.1158032143261998,0.13142157686936184,0.20474297638975103,Not significant
COCA_magazine_tri_prop_80k,0.12119885736293104,0.11483716837612967,0.20378048340231947,Not significant
COCA_magazine_tri_prop_90k,0.12679153469982946,0.09741574465363957,0.19410426371469658,Not significant
COCA_magazine_tri_prop_100k,0.12439591170462178,0.10409425764149796,0.1973696839699537,Not significant
COCA_News_Trigram_Frequency,-0.03999279205154345,0.6036063967027372,0.5801024235988912,Not significant
COCA_News_Trigram_Range,-0.025117183456866306,0.7436887839574221,0.8009285275708079,Not significant
COCA_News_Trigram_Frequency_Log,0.042139632172054915,0.5880631762478847,0.20402079735164214,Not significant
COCA_News_Trigram_Range_Log,0.05700713613293626,0.46507376626404173,0.13919869447557182,Not significant
COCA_news_tri_MI,-0.06047814211079765,0.4336674720288467,0.8832648053487738,Not significant
COCA_news_tri_MI2,-0.014931822985894495,0.8469917487004974,0.538773877795323,Not significant
COCA_news_tri_T,-0.016507459592310595,0.8354102753292932,0.8155726279584914,Not significant
COCA_news_tri_DP,-0.17870031685517057,0.02314808010475687,0.008766415329886649,Significant (higher in literal) but small effect
COCA_news_tri_AC,-0.041536947743151434,0.5913341122091739,0.5810271874793541,Not significant
COCA_news_tri_2_MI,-0.05265234157489948,0.49501303728637414,0.9959601964117228,Not significant
COCA_news_tri_2_MI2,-0.014902031762558918,0.8463271824870511,0.48494010077359306,Not significant
COCA_news_tri_2_T,-0.06476817612647494,0.411496213410377,0.8171455639867742,Not significant
COCA_news_tri_2_DP,-0.2564244216271965,0.0012898041087488798,0.00498454163533654,Significant (higher in literal) but small effect
COCA_news_tri_2_AC,-0.06625089617850029,0.39399088510131275,0.37887122532710804,Not significant
COCA_news_tri_prop_10k,0.13758257034310759,0.07462997163064225,0.07476612958992217,Not significant
COCA_news_tri_prop_20k,0.1173647718765731,0.12596365529771833,0.2594316300301035,Not significant
COCA_news_tri_prop_30k,0.12204137657498555,0.10998602459873133,0.21405192352209834,Not significant
COCA_news_tri_prop_40k,0.1375085760931854,0.0724658767081473,0.15579006532791656,Not significant
COCA_news_tri_prop_50k,0.13385641963593667,0.08044894964407531,0.18814543205950085,Not significant
COCA_news_tri_prop_60k,0.1344658230915463,0.08005974763930122,0.16137222491851266,Not significant
COCA_news_tri_prop_70k,0.12543234491406974,0.10340600679581868,0.217305604932862,Not significant
COCA_news_tri_prop_80k,0.12963823096257543,0.09185366919458493,0.20522546074336867,Not significant
COCA_news_tri_prop_90k,0.13354197557259692,0.08280636485618834,0.1583632841978666,Not significant
COCA_news_tri_prop_100k,0.14046345833347756,0.06854069068823608,0.1452534335923751,Not significant
COCA_spoken_Trigram_Frequency,0.026512356698365637,0.7417213087826326,0.945370510540011,Not significant
COCA_spoken_Trigram_Range,0.06157548419944207,0.4342920072666101,0.2952264801272366,Not significant
COCA_spoken_Trigram_Frequency_Log,0.10174876257959287,0.1963604786705914,0.13108535866202597,Not significant
COCA_spoken_Trigram_Range_Log,0.11464076499258363,0.14504302592880752,0.08043944912036301,Not significant
COCA_spoken_tri_MI,-0.0757110170762394,0.3220447570323219,0.47946996105011863,Not significant
COCA_spoken_tri_MI2,0.010561613476137127,0.8924782285688767,0.430599641213779,Not significant
COCA_spoken_tri_T,0.03579096507958278,0.655231000453292,0.6204748342797257,Not significant
COCA_spoken_tri_DP,-0.1312185305619385,0.09310910605303097,0.029645260030406635,Significant (higher in literal) but small effect
COCA_spoken_tri_AC,0.020523427426282145,0.7992263374664569,0.9196094040436579,Not significant
COCA_spoken_tri_2_MI,-0.07738070243727602,0.3237633552964201,0.503272010532385,Not significant
COCA_spoken_tri_2_MI2,0.003052742917691556,0.9697315808054418,0.5432423288325371,Not significant
COCA_spoken_tri_2_T,-0.017738057975665356,0.8250126946033082,0.8381860332839779,Not significant
COCA_spoken_tri_2_DP,-0.27769592377455665,0.00035288261976612536,0.0008542212024289856,Significant (higher in literal) but small effect
COCA_spoken_tri_2_AC,0.006215388665652763,0.9385773323911564,0.7884316752593761,Not significant
COCA_spoken_tri_prop_10k,0.17160987305344783,0.025220425310850843,0.03156948075461531,Significant (higher in metaphorical) but small effect
COCA_spoken_tri_prop_20k,0.1660085998898568,0.028738256149540387,0.04315280970820651,Significant (higher in metaphorical) but small effect
COCA_spoken_tri_prop_30k,0.15790032462364068,0.03757570388379143,0.06333516986158752,Not significant
COCA_spoken_tri_prop_40k,0.15328391898385224,0.044453923665396175,0.08522571015015841,Not significant
COCA_spoken_tri_prop_50k,0.15367629314724013,0.04434379256314398,0.0820891796895178,Not significant
COCA_spoken_tri_prop_60k,0.15391156189810612,0.0437507727533904,0.07881675144501674,Not significant
COCA_spoken_tri_prop_70k,0.1488075261745902,0.05124170593853073,0.09535416236053956,Not significant
COCA_spoken_tri_prop_80k,0.1545766536456242,0.04359078845926325,0.09011147787692854,Not significant
COCA_spoken_tri_prop_90k,0.16223315077785452,0.033743870789819455,0.0650841558425019,Not significant
COCA_spoken_tri_prop_100k,0.1546607869544368,0.043611862034648445,0.07378049534271139,Not significant
eat_types,-0.26027362473253124,0.0005712308511216609,0.0008398200081338261,Significant (higher in literal) but small effect
eat_tokens,-0.2624741059904302,0.0008233902995732808,0.0038311233487180007,Significant (higher in literal) but small effect
USF,0.40094483281529414,5.718043378277436e-07,5.799844974086468e-06,Significant (higher in metaphorical) but small effect
McD_CD,-0.03771852910811211,0.6124722896799888,0.7502541380111448,Not significant
Sem_D,0.011232640283145608,0.882052029460906,0.910504468443268,Not significant
eat_types_CW,-0.37283817620098325,3.089278256249874e-07,1.9583791677406436e-07,Significant (higher in literal) but small effect
eat_tokens_CW,-0.18715896903530446,0.022367763059732537,0.04218614553426077,Significant (higher in literal) but small effect
USF_CW,0.3557441832250516,4.0991865413722674e-06,1.1172557216591421e-05,Significant (higher in metaphorical) but small effect
McD_CD_CW,-0.07567126838830084,0.29933087267204667,0.29647403753899926,Not significant
Sem_D_CW,-0.020129172866626584,0.7856621406722146,0.8318610066914469,Not significant
eat_types_FW,-0.09660635615098928,0.19853290950149013,0.3033985813551512,Not significant
eat_tokens_FW,-0.22418479333617286,0.0023416094882676565,0.01045897988586137,Significant (higher in literal) but small effect
USF_FW,0.34393012302278647,1.453957727023545e-05,0.00010946415921835804,Significant (higher in metaphorical) but small effect
McD_CD_FW,-2.4254225596808373e-05,0.9997533792227686,0.926579184620973,Not significant
Sem_D_FW,-0.2722958331676695,0.00015008074508942102,8.565411338151596e-05,Significant (higher in literal) but small effect
All_AWL_Normed,-0.3780153592642607,3.255366847179549e-07,9.007367039301037e-08,Significant (higher in literal) but small effect
All_AFL_Normed,-0.3562087624546957,6.858092409120049e-06,5.101711201083046e-06,Significant (higher in literal) but small effect
Core_AFL_Normed,-0.2751346082559381,0.0004246070960287959,5.073405690495006e-05,Significant (higher in literal) but small effect
Spoken_AFL_Normed,-0.07036282404878264,0.37037996285461217,0.04599957335052494,Significant (higher in literal) but small effect
Written_AFL_Normed,-0.3939825512267471,5.445192649134513e-07,1.3143751428345214e-07,Significant (higher in literal) but small effect
Freq_HAL,-0.12717932370472723,0.09218517903782465,0.18814543205950085,Not significant
Log_Freq_HAL,-0.11628500800562169,0.10861202560856284,0.045070002410746775,Significant (higher in literal) but small effect
Ortho_N,0.2544234584096298,0.000308780240726708,0.0004086611951248912,Significant (higher in metaphorical) but small effect
Phono_N,0.19298033130100212,0.0061349818281457484,0.005058173798945118,Significant (higher in metaphorical) but small effect
Phono_N_H,0.15435302386778943,0.028906819447065177,0.024082620932845557,Significant (higher in metaphorical) but small effect
OG_N,0.26651529951648256,0.00018534887401383293,0.00041602986160397463,Significant (higher in metaphorical) but small effect
OG_N_H,-0.17899956762654787,0.02195066145367623,0.016232172935686327,Significant (higher in literal) but small effect
Freq_N,-0.2795386845625183,0.00029049503424762924,0.0006736520680422758,Significant (higher in literal) but small effect
Freq_N_P,-0.14651127591674118,0.06776340038453064,0.1139420773332586,Not significant
Freq_N_PH,-0.13552355577541467,0.08864426673187224,0.14506704020004485,Not significant
Freq_N_OG,-0.19963677845947775,0.011121777199076189,0.007841100608401515,Significant (higher in literal) but small effect
Freq_N_OGH,-0.17899956762654787,0.02195066145367623,0.016232172935686327,Significant (higher in literal) but small effect
OLD,-0.3230454004003519,6.231721802593866e-06,7.2241055416030185e-06,Significant (higher in literal) but small effect
OLDF,0.19654087747852567,0.007198207255697678,0.007778482641436387,Significant (higher in metaphorical) but small effect
PLD,-0.298399573346432,3.7706073683544944e-05,4.4924796163352814e-05,Significant (higher in literal) but small effect
PLDF,0.18178052430932634,0.011611587804771539,0.018419680775383362,Significant (higher in metaphorical) but small effect
Freq_HAL_CW,-0.04001282091578606,0.5672854076427594,0.6276400505989764,Not significant
Log_Freq_HAL_CW,-0.14158549483744626,0.04164354584348005,0.04083702218697115,Significant (higher in literal) but small effect
Ortho_N_CW,0.26829988739425004,0.00014560953672340687,0.00022994405004159963,Significant (higher in metaphorical) but small effect
Phono_N_CW,0.21588294012418383,0.0019486682685775083,0.0024885145621302766,Significant (higher in metaphorical) but small effect
Phono_N_H_CW,0.1810793458020578,0.009685968328663516,0.013290545662976421,Significant (higher in metaphorical) but small effect
OG_N_CW,0.1950572278763349,0.005877353348406236,0.011084584518320036,Significant (higher in metaphorical) but small effect
OG_N_H_CW,-0.1384808373082727,0.06585891026557682,0.06757921079618581,Not significant
Freq_N_CW,-0.2608805530422873,0.0004785903296393147,0.0014556626365488793,Significant (higher in literal) but small effect
Freq_N_P_CW,-0.021498379869746363,0.7679983187470544,0.7734039256932487,Not significant
Freq_N_PH_CW,-0.02505164493124128,0.7297225462818202,0.7066478662167311,Not significant
Freq_N_OG_CW,-0.15565274692370124,0.0391072213492986,0.043854688584697404,Significant (higher in literal) but small effect
Freq_N_OGH_CW,-0.1384808373082727,0.06585891026557682,0.06757921079618581,Not significant
OLD_CW,-0.2983676640696848,3.2881094773469345e-05,3.392482391399682e-05,Significant (higher in literal) but small effect
OLDF_CW,0.21233433592235712,0.002921896186499461,0.0033945644330299206,Significant (higher in metaphorical) but small effect
PLD_CW,-0.29573225662684344,4.874511251573475e-05,6.492352809117017e-05,Significant (higher in literal) but small effect
PLDF_CW,0.1926426754456535,0.006600206621407715,0.009137813461251358,Significant (higher in metaphorical) but small effect
Freq_HAL_FW,-0.23767307835728357,0.0012037793824503386,0.0013990021229482307,Significant (higher in literal) but small effect
Log_Freq_HAL_FW,-0.40450399033200796,4.070224422386226e-08,2.7802987527970355e-07,Significant (higher in literal) but small effect
Ortho_N_FW,-0.17513413647651066,0.030823067230734358,0.031837553069200795,Significant (higher in literal) but small effect
Phono_N_FW,0.029186479512949292,0.7006575535676243,0.5495290030540193,Not significant
Phono_N_H_FW,-0.0013415541281263368,0.985958446196999,0.8239700550339322,Not significant
OG_N_FW,0.2979330280515937,0.00023963204980634152,0.00034851580284950257,Significant (higher in metaphorical) but small effect
OG_N_H_FW,-0.07749514992864584,0.33361647088519597,0.41343150660167005,Not significant
Freq_N_FW,-0.11732183795144224,0.13162076381496624,0.1553970178421669,Not significant
Freq_N_P_FW,-0.2839232905599437,0.00022157005492099018,0.0024064668653979073,Significant (higher in literal) but small effect
Freq_N_PH_FW,-0.2718745988013466,0.0003687357396704218,0.003499238136006434,Significant (higher in literal) but small effect
Freq_N_OG_FW,-0.08568795311853039,0.2863837990166186,0.348226102539433,Not significant
Freq_N_OGH_FW,-0.07749514992864584,0.33361647088519597,0.41343150660167005,Not significant
OLD_FW,0.04093677481204806,0.6137806508604142,0.8171455639867742,Not significant
OLDF_FW,-0.23248945554215583,0.003560778131646993,0.008731757369729328,Significant (higher in literal) but small effect
PLD_FW,-0.04719700261521727,0.5521113137578552,0.6029550068422758,Not significant
PLDF_FW,-0.18073955222445798,0.022553669935328532,0.05322188024507835,Not significant
BG_Mean,-0.13420366724797927,0.08238733903038185,0.09283420300958307,Not significant
LD_Mean_RT,-0.13269348084789956,0.06906264713387322,0.04661036185284982,Significant (higher in literal) but small effect
LD_Mean_RT_Zscore,-0.1242271121465516,0.08937144651580932,0.048578635326925544,Significant (higher in literal) but small effect
LD_Mean_RT_SD,-0.02482084292288876,0.746395422315806,0.6542100003307363,Not significant
LD_Mean_Accuracy,-0.2506912418507617,0.0015662634904317235,0.002050683361265178,Significant (higher in literal) but small effect
WN_Mean_RT,-0.24471512300823028,0.0007434281608335867,0.0012206433070690412,Significant (higher in literal) but small effect
WN_Zscore,-0.22842978146544712,0.0014769066557458017,0.001183661913381096,Significant (higher in literal) but small effect
WN_SD,-0.10128587256796018,0.17475407077867489,0.11378773374928992,Not significant
WN_Mean_Accuracy,-0.2359408235504289,0.0025942350125857387,0.004660129332737596,Significant (higher in literal) but small effect
BG_Mean_CW,-0.1811187522761455,0.016765223095325833,0.06528092349324047,Not significant
LD_Mean_RT_CW,-0.13952900674795082,0.05142587351513119,0.0336562389225554,Significant (higher in literal) but small effect
LD_Mean_RT_Zscore_CW,-0.12451382746326131,0.08409431852039972,0.05206843955763208,Not significant
LD_Mean_RT_SD_CW,-0.02956523132904798,0.6957952594551124,0.7589744669347648,Not significant
LD_Mean_Accuracy_CW,-0.34529822276530064,5.998514977270556e-06,2.4966204170837057e-06,Significant (higher in literal) but small effect
WN_Mean_RT_CW,-0.2378909235495873,0.0011818085594670032,0.0008688511285511727,Significant (higher in literal) but small effect
WN_Zscore_CW,-0.22082760411096986,0.0023280299294356406,0.0012736117480315005,Significant (higher in literal) but small effect
WN_SD_CW,-0.16665560790653375,0.03423720868844309,0.05322188024507835,Not significant
WN_Mean_Accuracy_CW,-0.21024849944192553,0.00714254206656973,0.012967389695791812,Significant (higher in literal) but small effect
BG_Mean_FW,-0.038506192362995954,0.6350266375767248,0.7318937815646295,Not significant
LD_Mean_RT_FW,0.1036648520220676,0.19447443158203462,0.5418998581902974,Not significant
LD_Mean_RT_Zscore_FW,0.11213526625591193,0.16329715406536083,0.3311550041680692,Not significant
LD_Mean_RT_SD_FW,0.00953417001960467,0.9039241683704884,0.5676861669640373,Not significant
LD_Mean_Accuracy_FW,-0.04038219579010577,0.6331859586065169,0.6024846009401014,Not significant
WN_Mean_RT_FW,0.02711625438477963,0.7247693221169287,0.7217587560186245,Not significant
WN_Zscore_FW,0.019432971107602455,0.8037423830864622,0.6105038632775062,Not significant
WN_SD_FW,0.053310323822043454,0.4719161368266652,0.8928647461415543,Not significant
WN_Mean_Accuracy_FW,-0.25116874198240946,0.001966989290313531,0.024209802175923417,Significant (higher in literal) but small effect
lsa_average_top_three_cosine,0.18931015625531739,0.013066722183723407,0.017375000569007842,Significant (higher in metaphorical) but small effect
lsa_max_similarity_cosine,0.20967925153806777,0.007304785231383225,0.017090707150440317,Significant (higher in metaphorical) but small effect
lsa_average_all_cosine,-0.07089057725789993,0.3456968492780492,0.3759524093207298,Not significant
aoe_inverse_average,-0.3272140655656013,8.657536488827527e-06,3.6430780383007315e-06,Significant (higher in literal) but small effect
aoe_inverse_linear_regression_slope,-0.2961983744449263,8.001725851838258e-05,5.959355955937621e-05,Significant (higher in literal) but small effect
aoe_index_above_threshold_40,-0.3296895697644462,7.120916935107645e-06,1.7010357028932191e-06,Significant (higher in literal) but small effect
aoe_inflection_point_polynomial,-0.3243729428054312,1.0846491098141727e-05,4.876954701566587e-06,Significant (higher in literal) but small effect
